{
  "model": "01_Dense_Feedforward",
  "test_accuracy": 0.5639299154281616,
  "test_loss": 1.5546631813049316,
  "epochs_trained": 57,
  "final_train_acc": 0.6850979924201965,
  "final_val_acc": 0.5717447400093079
}