{
  "model": "02_Simple_RNN",
  "test_accuracy": 0.47424355149269104,
  "test_loss": 1.8788269758224487,
  "epochs_trained": 30,
  "final_train_acc": 0.5450836420059204,
  "final_val_acc": 0.47227343916893005
}