{
  "model": "02_Simple_RNN",
  "test_accuracy": 0.029298892244696617,
  "test_loss": 3.284868001937866,
  "epochs_trained": 4,
  "final_train_acc": 0.009591805748641491,
  "final_val_acc": 0.008483954705297947
}