{
  "model": "03_Bidirectional_LSTM",
  "test_accuracy": 0.47994464635849,
  "test_loss": 1.8637362718582153,
  "epochs_trained": 17,
  "final_train_acc": 0.5917189121246338,
  "final_val_acc": 0.4652649760246277
}