{
  "model": "04_CNN_Text",
  "test_accuracy": 0.524649441242218,
  "test_loss": 1.7366197109222412,
  "epochs_trained": 21,
  "final_train_acc": 0.7571016550064087,
  "final_val_acc": 0.5193655490875244
}